{
  "id": "",
  "name": "",
  "font_family": "iconfont",
  "css_prefix_text": "icon-",
  "description": "",
  "glyphs": [
    {
      "icon_id": "608317",
      "name": "箭头",
      "font_class": "jiantouarrow483",
      "unicode": "e695",
      "unicode_decimal": 59029
    },
    {
      "icon_id": "609192",
      "name": "箭头",
      "font_class": "jiantouarrowhead7",
      "unicode": "e6bc",
      "unicode_decimal": 59068
    },
    {
      "icon_id": "729524",
      "name": "购物车",
      "font_class": "gouwuche",
      "unicode": "e64c",
      "unicode_decimal": 58956
    },
    {
      "icon_id": "1172649",
      "name": "箭头",
      "font_class": "jiantou",
      "unicode": "e61f",
      "unicode_decimal": 58911
    },
    {
      "icon_id": "1221568",
      "name": "时钟",
      "font_class": "clock",
      "unicode": "e627",
      "unicode_decimal": 58919
    }
  ]
}
